Open,High,Low,Close,Volume,timestamp
245.39,245.9,245.0,245.22,32697,2025-02-24 04:00:00
245.26,245.29,245.1,245.2,17861,2025-02-24 05:00:00
245.21,245.27,241.55,243.8,340006,2025-02-24 06:00:00
243.86,244.4,243.46,243.88,172185,2025-02-24 07:00:00
243.9,246.0,241.5738,244.37,292062,2025-02-24 08:00:00
244.33,248.14,243.07,248.065,7387893,2025-02-24 09:00:00
248.08,248.86,244.8241,247.225,9076535,2025-02-24 10:00:00
247.22,248.32,246.27,248.0,4959229,2025-02-24 11:00:00
248.0,248.28,247.27,247.27,2581892,2025-02-24 12:00:00
247.27,248.22,247.22,247.98,3100347,2025-02-24 13:00:00
247.98,248.8,247.43,247.98,4424448,2025-02-24 14:00:00
247.965,248.23,246.82,247.23,6807237,2025-02-24 15:00:00
247.22,248.2,236.85,247.89,18577671,2025-02-24 16:00:00
247.891,265.1391,247.1,247.78,64103,2025-02-24 17:00:00
247.77,248.05,247.4,247.6,72912,2025-02-24 18:00:00
247.61,248.45,247.55,248.06,45649,2025-02-24 19:00:00
247.95,247.95,246.53,246.55,41125,2025-02-25 04:00:00
246.55,246.91,246.37,246.37,30765,2025-02-25 05:00:00
246.39,247.21,246.36,247.0,36016,2025-02-25 06:00:00
246.97,247.83,246.93,247.6,42262,2025-02-25 07:00:00
247.11,248.12,244.47,247.16,2155379,2025-02-25 08:00:00
247.17,249.52,246.61,247.825,5698621,2025-02-25 09:00:00
247.825,247.9,244.91,246.06,7408655,2025-02-25 10:00:00
246.09,250.0,245.65,249.542,6267082,2025-02-25 11:00:00
249.565,249.69,248.08,248.17,4384246,2025-02-25 12:00:00
248.18,248.84,247.73,248.14,2741743,2025-02-25 13:00:00
248.13,248.59,247.16,248.43,3490641,2025-02-25 14:00:00
248.42,248.54,246.045,247.05,5998896,2025-02-25 15:00:00
247.05,247.65,244.875,246.08,14113106,2025-02-25 16:00:00
246.4,258.8842,246.26,246.44,621281,2025-02-25 17:00:00
246.42,246.67,246.34,246.42,28401,2025-02-25 18:00:00
246.35,246.65,246.25,246.4695,32862,2025-02-25 19:00:00
246.5,246.87,245.79,245.85,32571,2025-02-26 04:00:00
245.89,246.27,245.61,246.25,20055,2025-02-26 05:00:00
246.21,246.28,245.57,245.6,19457,2025-02-26 06:00:00
245.61,246.4,245.6,245.94,45332,2025-02-26 07:00:00
246.6787,247.25,245.03,245.45,947950,2025-02-26 08:00:00
245.49,245.85,229.86,243.41,7944417,2025-02-26 09:00:00
243.42,244.62,242.01,242.19,5677647,2025-02-26 10:00:00
242.195,243.5,241.58,243.19,3984774,2025-02-26 11:00:00
243.23,243.89,241.4,241.55,3351309,2025-02-26 12:00:00
241.55,241.745,239.13,239.65,4545163,2025-02-26 13:00:00
239.64,240.3699,239.34,239.72,3050499,2025-02-26 14:00:00
239.72,240.81,239.525,240.31,5727580,2025-02-26 15:00:00
240.31,240.49,224.18,239.89,12920810,2025-02-26 16:00:00
239.85,240.5,229.9929,240.2,150085,2025-02-26 17:00:00
240.2,240.36,239.402,239.78,80468,2025-02-26 18:00:00
239.78,239.88,239.22,239.6,31254,2025-02-26 19:00:00
240.12,241.72,240.12,240.93,33530,2025-02-27 04:00:00
240.96,240.97,240.36,240.38,17709,2025-02-27 05:00:00
240.37,240.57,240.13,240.34,16786,2025-02-27 06:00:00
240.31,240.36,239.06,239.16,55880,2025-02-27 07:00:00
240.844,244.81,238.59,239.0381,4000686,2025-02-27 08:00:00
238.95,242.284,238.77,240.58,4773848,2025-02-27 09:00:00
240.62,241.8,238.47,241.24,4514287,2025-02-27 10:00:00
241.23,242.46,240.2501,240.435,3030790,2025-02-27 11:00:00
240.46,241.345,239.585,240.775,2174491,2025-02-27 12:00:00
240.82,242.19,240.76,241.61,2423350,2025-02-27 13:00:00
241.6001,241.76,239.54,239.71,3001472,2025-02-27 14:00:00
239.71,239.93,237.06,237.39,8508646,2025-02-27 15:00:00
237.38,237.74,236.88,237.31,13477047,2025-02-27 16:00:00
237.388,237.45,236.75,236.93,317432,2025-02-27 17:00:00
236.93,238.52,236.91,237.7,51144,2025-02-27 18:00:00
237.69,238.25,237.02,237.45,48392,2025-02-27 19:00:00
237.0,238.13,237.0,237.5,20879,2025-02-28 04:00:00
237.5,237.65,237.18,237.46,13795,2025-02-28 05:00:00
237.47,238.26,237.38,238.15,24489,2025-02-28 06:00:00
238.07,238.27,237.16,237.33,50200,2025-02-28 07:00:00
237.603,244.47,236.0,236.75,187719,2025-02-28 08:00:00
236.9153,237.41,230.2,236.74,6427297,2025-02-28 09:00:00
236.745,237.83,235.64,237.47,4978947,2025-02-28 10:00:00
237.485,237.68,236.48,237.09,3253390,2025-02-28 11:00:00
237.09,237.9,236.55,237.37,2902152,2025-02-28 12:00:00
237.3896,238.3083,236.23,237.04,3272471,2025-02-28 13:00:00
237.06,238.89,237.03,238.87,3458989,2025-02-28 14:00:00
238.85,242.09,238.79,241.84,10181879,2025-02-28 15:00:00
241.83,242.01,232.47,241.17,35240663,2025-02-28 16:00:00
241.17,242.28,226.1463,242.1,247920,2025-02-28 17:00:00
242.1,242.25,241.8,242.0487,34736,2025-02-28 18:00:00
242.03,242.1,241.61,241.61,28601,2025-02-28 19:00:00
242.0,242.48,241.05,241.53,49001,2025-03-03 04:00:00
241.53,241.6,241.39,241.49,24630,2025-03-03 05:00:00
241.49,241.6,241.33,241.46,27544,2025-03-03 06:00:00
241.54,241.64,241.17,241.51,94142,2025-03-03 07:00:00
241.31,242.51,240.66,241.4917,1534960,2025-03-03 08:00:00
241.56,244.0272,235.795,240.82,5584355,2025-03-03 09:00:00
240.84,242.47,239.825,241.2,5078665,2025-03-03 10:00:00
241.23,242.63,240.665,241.815,3209644,2025-03-03 11:00:00
241.81,242.99,240.9464,242.33,2510602,2025-03-03 12:00:00
242.31,242.36,240.44,241.32,3802571,2025-03-03 13:00:00
241.31,242.02,239.88,240.29,3501935,2025-03-03 14:00:00
240.295,240.295,236.112,238.14,9637063,2025-03-03 15:00:00
238.17,239.9239,223.4856,239.202,18338730,2025-03-03 16:00:00
239.2,239.27,224.0301,238.58,111397,2025-03-03 17:00:00
238.56,239.25,238.14,238.15,56438,2025-03-03 18:00:00
238.2377,240.5,238.15,240.33,53718,2025-03-03 19:00:00
238.42,239.35,238.29,238.32,44902,2025-03-04 04:00:00
238.32,238.56,237.76,238.3,32560,2025-03-04 05:00:00
238.21,238.85,238.1,238.4,24324,2025-03-04 06:00:00
238.38,238.78,237.21,237.44,116596,2025-03-04 07:00:00
238.6062,239.86,236.7267,237.6937,387695,2025-03-04 08:00:00
237.69,241.975,236.0,236.63,7255364,2025-03-04 09:00:00
236.61,239.81,236.34,239.09,8062012,2025-03-04 10:00:00
239.09,240.07,237.65,239.08,5738317,2025-03-04 11:00:00
239.14,239.25,236.25,236.58,4246302,2025-03-04 12:00:00
236.605,238.03,236.16,237.89,3644126,2025-03-04 13:00:00
237.89,238.7736,237.44,238.31,3484935,2025-03-04 14:00:00
238.31,239.25,234.68,236.07,8972955,2025-03-04 15:00:00
235.9305,237.61,224.4959,236.99,19796797,2025-03-04 16:00:00
236.99,247.6583,224.4959,237.4899,605183,2025-03-04 17:00:00
237.49,238.4988,237.22,238.01,54200,2025-03-04 18:00:00
237.9465,238.2488,237.15,237.63,36708,2025-03-04 19:00:00
237.92,237.92,236.89,237.54,29586,2025-03-05 04:00:00
237.56,237.65,236.9,236.99,21348,2025-03-05 05:00:00
236.99,237.08,236.15,236.62,21562,2025-03-05 06:00:00
236.71,236.98,236.23,236.42,21621,2025-03-05 07:00:00
236.49,239.73,235.93,236.282,429809,2025-03-05 08:00:00
236.3493,236.7,231.04,231.77,6399771,2025-03-05 09:00:00
231.83,233.25,230.52,232.57,6725522,2025-03-05 10:00:00
232.565,232.63,229.23,232.2,5932336,2025-03-05 11:00:00
232.2,235.4,232.14,234.945,4466469,2025-03-05 12:00:00
234.945,235.85,231.24,235.82,3206588,2025-03-05 13:00:00
235.835,236.55,235.15,235.49,2708369,2025-03-05 14:00:00
235.47,236.48,235.06,235.82,5726241,2025-03-05 15:00:00
235.77,250.5416,234.0676,236.05,15810686,2025-03-05 16:00:00
236.03,236.36,235.74,236.15,55317,2025-03-05 17:00:00
236.12,236.41,235.7,235.7,27662,2025-03-05 18:00:00
235.74,236.39,235.5,235.7823,11251,2025-03-05 19:00:00
235.85,235.85,234.07,234.5,27666,2025-03-06 04:00:00
234.46,234.71,234.06,234.26,20044,2025-03-06 05:00:00
234.24,234.54,234.04,234.37,24546,2025-03-06 06:00:00
234.38,234.78,233.9,234.23,34285,2025-03-06 07:00:00
234.969,236.17,233.26,233.84,183993,2025-03-06 08:00:00
233.95,236.46,233.38,235.375,5685056,2025-03-06 09:00:00
235.31,237.86,234.9359,236.95,5230152,2025-03-06 10:00:00
236.98,237.72,234.8201,234.935,4015575,2025-03-06 11:00:00
234.95,235.31,234.04,235.04,4205180,2025-03-06 12:00:00
235.03,235.43,233.96,234.28,3812964,2025-03-06 13:00:00
234.29,236.01,233.1581,234.41,5032170,2025-03-06 14:00:00
234.43,235.76,234.19,235.32,6662244,2025-03-06 15:00:00
235.33,251.7307,225.7234,235.332,17301656,2025-03-06 16:00:00
235.332,235.4688,234.37,234.64,67003,2025-03-06 17:00:00
234.71,234.88,234.63,234.88,18031,2025-03-06 18:00:00
234.88,235.33,234.5,234.98,55342,2025-03-06 19:00:00
235.0,235.0,234.15,234.57,22271,2025-03-07 04:00:00
234.56,234.8,234.36,234.7,9986,2025-03-07 05:00:00
234.69,234.78,234.6,234.7,12869,2025-03-07 06:00:00
234.7,234.95,234.35,234.55,25802,2025-03-07 07:00:00
234.67,236.1,234.15,234.4111,296074,2025-03-07 08:00:00
234.5,239.439,233.92,238.335,5370296,2025-03-07 09:00:00
238.34,240.16,237.02,238.915,6464578,2025-03-07 10:00:00
238.91,239.53,237.87,239.2106,6364706,2025-03-07 11:00:00
239.225,240.83,237.86,240.03,6144175,2025-03-07 12:00:00
240.05,241.37,239.3703,239.43,4820722,2025-03-07 13:00:00
239.445,239.91,238.57,239.22,3630377,2025-03-07 14:00:00
239.21,239.77,237.94,239.03,6498571,2025-03-07 15:00:00
239.03,239.07,234.215,238.65,10597402,2025-03-07 16:00:00
238.64,239.07,238.32,238.43,229497,2025-03-07 17:00:00
238.43,238.99,238.43,238.75,21599,2025-03-07 18:00:00
238.69,238.78,238.51,238.65,7156,2025-03-07 19:00:00
237.0,238.4,235.94,236.07,64566,2025-03-10 04:00:00
236.02,236.36,235.52,236.09,63943,2025-03-10 05:00:00
236.21,236.29,235.53,235.82,39534,2025-03-10 06:00:00
235.86,236.17,235.25,235.52,52625,2025-03-10 07:00:00
236.08,239.07,235.25,236.44,363382,2025-03-10 08:00:00
236.5099,236.51,229.15,230.19,9868749,2025-03-10 09:00:00
230.18,230.41,225.37,226.19,11695171,2025-03-10 10:00:00
226.1759,227.29,225.29,226.59,8165490,2025-03-10 11:00:00
226.58,226.98,224.22,225.55,6160716,2025-03-10 12:00:00
225.52,226.09,224.325,225.86,5156820,2025-03-10 13:00:00
225.855,226.99,225.1064,225.28,5574816,2025-03-10 14:00:00
225.29,228.66,224.42,227.541,12183803,2025-03-10 15:00:00
227.48,227.69,226.22,226.78,21051062,2025-03-10 16:00:00
226.7006,226.78,210.3825,225.86,84665,2025-03-10 17:00:00
225.93,227.48,225.01,226.0,121978,2025-03-10 18:00:00
225.7635,226.36,224.4025,225.3616,122256,2025-03-10 19:00:00
225.16,228.23,225.01,227.3,89144,2025-03-11 04:00:00
227.27,227.45,226.69,227.16,56641,2025-03-11 05:00:00
227.16,227.26,226.45,226.64,42948,2025-03-11 06:00:00
226.61,226.95,226.28,226.58,41092,2025-03-11 07:00:00
226.64,228.21,225.3512,225.48,899735,2025-03-11 08:00:00
225.4707,227.48,221.76,222.0524,9576325,2025-03-11 09:00:00
222.02,223.5,220.01,221.055,11031167,2025-03-11 10:00:00
221.055,222.14,220.26,221.1398,6774992,2025-03-11 11:00:00
221.1,221.11,218.44,219.0,8722511,2025-03-11 12:00:00
218.97,219.53,217.45,218.29,7061299,2025-03-11 13:00:00
218.3,222.7,218.2393,222.165,6759727,2025-03-11 14:00:00
222.18,223.31,220.58,220.73,10159918,2025-03-11 15:00:00
220.73,228.5506,212.3775,220.27,20709042,2025-03-11 16:00:00
220.4188,220.84,220.26,220.57,1665057,2025-03-11 17:00:00
220.5,221.39,220.25,221.05,33151,2025-03-11 18:00:00
221.2082,221.39,220.5,220.97,32355,2025-03-11 19:00:00
220.91,220.91,219.5,220.59,43385,2025-03-12 04:00:00
220.6,220.98,220.17,220.25,30779,2025-03-12 05:00:00
220.24,220.36,219.86,220.18,46074,2025-03-12 06:00:00
220.27,220.89,220.2,220.41,50770,2025-03-12 07:00:00
220.24,222.45,219.5467,221.72,471354,2025-03-12 08:00:00
221.7583,222.48,219.27,221.41,8391341,2025-03-12 09:00:00
221.39,221.75,216.0,216.1,10122344,2025-03-12 10:00:00
216.125,217.893,214.91,217.78,8623560,2025-03-12 11:00:00
217.78,218.61,216.88,217.245,5228726,2025-03-12 12:00:00
217.27,218.23,216.06,216.11,4921223,2025-03-12 13:00:00
216.095,217.0899,215.84,216.43,4600446,2025-03-12 14:00:00
216.42,217.28,215.05,216.94,10945342,2025-03-12 15:00:00
216.94,229.701,212.6948,217.07,15095881,2025-03-12 16:00:00
217.1,217.31,216.98,217.1247,96015,2025-03-12 17:00:00
217.25,247.1,216.95,217.2,44345,2025-03-12 18:00:00
217.2,217.53,217.0554,217.48,47177,2025-03-12 19:00:00
216.9,216.9,215.11,215.92,46393,2025-03-13 04:00:00
215.92,216.98,215.91,216.96,40779,2025-03-13 05:00:00
216.96,216.98,216.3,216.3,29963,2025-03-13 06:00:00
216.39,216.49,215.65,216.27,74044,2025-03-13 07:00:00
216.25,216.98,215.0,215.91,202569,2025-03-13 08:00:00
215.98,216.98,214.37,215.265,6871806,2025-03-13 09:00:00
215.275,215.935,213.65,214.225,7734360,2025-03-13 10:00:00
214.24,214.8,212.0,212.0757,6510609,2025-03-13 11:00:00
212.08,212.93,211.13,211.49,7311538,2025-03-13 12:00:00
211.49,211.7,210.5,211.115,5154250,2025-03-13 13:00:00
211.1,212.47,211.04,211.92,5386919,2025-03-13 14:00:00
211.91,212.29,208.42,209.71,12634464,2025-03-13 15:00:00
209.71,265.1391,202.0051,209.85,15160390,2025-03-13 16:00:00
213.7223,258.4298,209.68,209.92,127950,2025-03-13 17:00:00
209.93,210.88,209.9,210.51,85730,2025-03-13 18:00:00
210.51,238.955,209.68,210.2,58021,2025-03-13 19:00:00
211.15,211.26,210.2,210.82,32373,2025-03-14 04:00:00
210.8,210.93,210.23,210.56,38115,2025-03-14 05:00:00
210.54,210.88,210.34,210.8,37570,2025-03-14 06:00:00
210.82,211.13,210.52,210.93,66565,2025-03-14 07:00:00
210.93,241.84,209.68,211.3025,783557,2025-03-14 08:00:00
211.39,213.43,210.6,212.49,7568764,2025-03-14 09:00:00
212.44,212.44,209.58,211.74,10021178,2025-03-14 10:00:00
211.7625,213.95,211.2,213.28,6795240,2025-03-14 11:00:00
213.28,213.29,212.0723,212.88,3819847,2025-03-14 12:00:00
212.87,213.5,211.96,212.4,3871945,2025-03-14 13:00:00
212.385,212.7,210.76,212.61,6236294,2025-03-14 14:00:00
212.61,213.9,212.485,213.38,8769291,2025-03-14 15:00:00
213.38,243.2133,206.977,213.24,19589075,2025-03-14 16:00:00
213.25,216.7766,213.18,213.22,24698,2025-03-14 17:00:00
213.2918,213.3,213.1205,213.28,19120,2025-03-14 18:00:00
213.28,213.35,213.17,213.3499,29527,2025-03-14 19:00:00
212.86,213.36,212.0,212.54,41973,2025-03-17 04:00:00
212.52,212.69,212.1,212.41,19634,2025-03-17 05:00:00
212.4,212.98,212.24,212.69,27105,2025-03-17 06:00:00
212.72,213.2,212.61,212.79,55247,2025-03-17 07:00:00
212.85,214.02,212.0112,213.8117,772188,2025-03-17 08:00:00
213.82,214.97,212.17,213.72,5721660,2025-03-17 09:00:00
213.73,214.0,211.3075,211.39,5801771,2025-03-17 10:00:00
211.39,211.67,209.97,210.915,5402949,2025-03-17 11:00:00
210.9157,211.89,210.57,211.5662,3398437,2025-03-17 12:00:00
211.55,213.7478,211.09,213.665,3756292,2025-03-17 13:00:00
213.66,214.7968,213.51,214.55,3901968,2025-03-17 14:00:00
214.541,215.22,213.67,214.15,8763063,2025-03-17 15:00:00
214.105,241.84,213.6,213.99,16829569,2025-03-17 16:00:00
213.91,229.248,199.7357,213.79,107214,2025-03-17 17:00:00
213.76,214.19,213.76,214.19,19118,2025-03-17 18:00:00
214.06,214.1,213.72,213.93,15182,2025-03-17 19:00:00
213.98,214.0,213.59,213.79,18364,2025-03-18 04:00:00
213.79,213.86,213.62,213.66,10233,2025-03-18 05:00:00
213.68,214.0,213.25,213.9,44447,2025-03-18 06:00:00
213.9,213.97,213.44,213.91,46225,2025-03-18 07:00:00
213.9,214.0,213.0,213.43,125111,2025-03-18 08:00:00
213.56,215.05,212.84,214.43,6071267,2025-03-18 09:00:00
214.42,215.15,213.01,213.715,6077794,2025-03-18 10:00:00
213.7047,213.82,212.65,213.345,3842706,2025-03-18 11:00:00
213.315,214.0,211.59,212.205,4167825,2025-03-18 12:00:00
212.195,212.575,211.49,211.86,3579248,2025-03-18 13:00:00
211.85,212.655,211.67,212.215,3051295,2025-03-18 14:00:00
212.215,213.28,211.89,212.79,5980029,2025-03-18 15:00:00
212.69,227.4311,210.214,212.92,13975706,2025-03-18 16:00:00
212.9,214.0,210.214,212.78,847165,2025-03-18 17:00:00
212.98,213.0,212.3012,212.9,20709,2025-03-18 18:00:00
212.9,213.0,212.6,213.0,21536,2025-03-18 19:00:00
213.5,213.58,212.68,213.06,17252,2025-03-19 04:00:00
213.07,213.34,212.75,213.33,6826,2025-03-19 05:00:00
213.32,213.43,213.26,213.3,10637,2025-03-19 06:00:00
213.29,213.41,213.0,213.23,16310,2025-03-19 07:00:00
213.35,213.5,212.4112,213.34,63825,2025-03-19 08:00:00
213.3399,217.72,212.69,217.155,6548889,2025-03-19 09:00:00
217.18,218.76,215.45,215.55,7606277,2025-03-19 10:00:00
215.51,216.75,214.96,216.269,4137311,2025-03-19 11:00:00
216.24,216.34,214.44,214.9573,2958023,2025-03-19 12:00:00
214.97,215.1,213.86,214.07,2822037,2025-03-19 13:00:00
213.98,215.605,213.75,215.5888,5883092,2025-03-19 14:00:00
215.57,217.059,214.48,215.3,8234098,2025-03-19 15:00:00
215.3,219.0465,202.0365,215.39,27941561,2025-03-19 16:00:00
219.0465,219.0465,202.0365,215.6,21390,2025-03-19 17:00:00
215.48,215.87,215.22,215.75,22825,2025-03-19 18:00:00
215.75,216.43,215.66,216.15,29537,2025-03-19 19:00:00
216.44,216.68,215.74,216.02,33089,2025-03-20 04:00:00
216.0,216.24,215.24,215.43,15650,2025-03-20 05:00:00
215.5,215.5,213.6,214.42,69985,2025-03-20 06:00:00
214.42,214.89,214.15,214.86,40799,2025-03-20 07:00:00
215.6367,216.6788,213.19,214.74,228565,2025-03-20 08:00:00
214.72,215.49,212.9,215.49,3987832,2025-03-20 09:00:00
215.485,217.4899,215.39,216.145,5723160,2025-03-20 10:00:00
216.17,216.53,215.425,215.5963,3451532,2025-03-20 11:00:00
215.589,216.44,213.0,213.54,6256864,2025-03-20 12:00:00
213.53,214.02,213.1,213.4,3274026,2025-03-20 13:00:00
213.43,213.83,212.22,212.3694,4271225,2025-03-20 14:00:00
212.35,214.76,212.34,214.15,7370196,2025-03-20 15:00:00
214.15,214.39,212.64,214.06,26128081,2025-03-20 16:00:00
214.0616,224.068,199.6953,213.9,17355,2025-03-20 17:00:00
213.91,247.04,213.7,213.85,20054,2025-03-20 18:00:00
213.85,214.1,213.56,213.75,50498,2025-03-20 19:00:00
214.18,214.22,213.0,213.36,17376,2025-03-21 04:00:00
213.36,213.88,213.15,213.64,11779,2025-03-21 05:00:00
213.64,213.88,211.51,212.0,90761,2025-03-21 06:00:00
212.0,213.06,212.0,212.17,79885,2025-03-21 07:00:00
212.2,214.2288,210.74,210.85,406459,2025-03-21 08:00:00
210.94,214.42,209.2,214.12,18190628,2025-03-21 09:00:00
214.16,214.54,213.17,214.46,5125766,2025-03-21 10:00:00
214.47,214.84,212.68,213.2602,5795425,2025-03-21 11:00:00
213.25,215.48,212.64,215.43,4843223,2025-03-21 12:00:00
215.425,215.425,214.2601,214.29,2765793,2025-03-21 13:00:00
214.28,215.37,214.28,215.17,3555258,2025-03-21 14:00:00
215.17,218.84,214.86,218.36,12348935,2025-03-21 15:00:00
218.35,218.44,217.27,217.7427,65063951,2025-03-21 16:00:00
217.75,220.7776,202.4032,217.6,159185,2025-03-21 17:00:00
217.59,217.78,216.0665,217.72,18309,2025-03-21 18:00:00
217.7475,218.27,217.6,217.8,157810,2025-03-21 19:00:00
218.56,220.64,218.56,220.45,83275,2025-03-24 04:00:00
220.43,220.85,220.35,220.56,76882,2025-03-24 05:00:00
220.58,220.61,219.84,220.16,72294,2025-03-24 06:00:00
220.16,220.33,219.75,220.19,95597,2025-03-24 07:00:00
219.9,220.8509,217.725,220.5,173291,2025-03-24 08:00:00
220.5,221.23,218.27,220.2101,6229984,2025-03-24 09:00:00
220.2065,220.37,219.22,219.73,4651354,2025-03-24 10:00:00
219.73,220.69,218.96,219.79,4278095,2025-03-24 11:00:00
219.79,220.05,218.82,219.29,2955089,2025-03-24 12:00:00
219.29,219.59,218.89,219.57,2985179,2025-03-24 13:00:00
219.59,220.38,219.17,220.125,3247517,2025-03-24 14:00:00
220.1332,221.48,219.5837,220.43,8157649,2025-03-24 15:00:00
220.38,220.85,209.744,220.73,19183584,2025-03-24 16:00:00
220.73,220.83,207.4218,220.76,24987,2025-03-24 17:00:00
220.76,221.645,220.7,220.76,31035,2025-03-24 18:00:00
220.76,220.9,220.7,220.75,21220,2025-03-24 19:00:00
