timestamp,open,high,low,close,volume
2025-02-12 04:00:00,255.49,257.5,254.95,255.0,2962
2025-02-12 04:30:00,255.16,255.8,255.16,255.67,434
2025-02-12 05:00:00,255.67,255.79,255.22,255.41,917
2025-02-12 05:30:00,255.36,255.43,255.35,255.43,86
2025-02-12 06:00:00,255.64,255.79,255.3,255.67,138
2025-02-12 06:30:00,255.67,255.7,255.3,255.48,260
2025-02-12 07:00:00,255.59,255.62,255.03,255.15,843
2025-02-12 07:30:00,255.19,255.4,255.16,255.37,285
2025-02-12 08:00:00,255.6,255.9074,254.06,255.59,3430
2025-02-12 08:30:00,255.4,255.6,252.5,253.48,9498
2025-02-12 09:00:00,253.11,254.2,251.25,252.91,12995
2025-02-12 09:30:00,252.72,254.685,252.27,252.955,244417
2025-02-12 10:00:00,252.87,253.81,252.02,253.03,145568
2025-02-12 10:30:00,253.17,254.11,253.17,254.075,103019
2025-02-12 11:00:00,254.0642,254.075,252.9263,253.37,109375
2025-02-12 11:30:00,253.401,255.12,253.2701,255.0591,111719
2025-02-12 12:00:00,255.06,255.47,254.839,255.1044,136748
2025-02-12 12:30:00,255.09,255.55,254.72,255.55,134554
2025-02-12 13:00:00,255.565,255.79,255.37,255.47,143046
2025-02-12 13:30:00,255.4276,256.07,255.37,255.6025,146000
2025-02-12 14:00:00,255.575,255.575,255.01,255.25,120207
2025-02-12 14:30:00,255.25,255.59,255.13,255.335,88272
2025-02-12 15:00:00,255.33,256.14,255.245,255.245,161605
2025-02-12 15:30:00,255.33,256.4,255.2,255.85,611300
2025-02-12 16:00:00,255.85,255.9,255.0,255.81,2031890
2025-02-12 16:30:00,256.0,256.0,254.0,255.76,224
2025-02-12 17:00:00,255.6,256.79,254.5,256.17,522
2025-02-12 17:30:00,256.2,256.2,255.0,256.19,56
2025-02-12 18:00:00,255.83,256.15,255.0,256.09,108
2025-02-12 18:30:00,255.81,256.09,255.2138,256.09,624009
2025-02-12 19:00:00,255.81,256.09,255.81,255.81,624393
2025-02-12 19:30:00,255.85,256.08,255.8101,256.0,239
2025-02-13 04:00:00,255.81,255.81,255.0,255.3,127
2025-02-13 04:30:00,255.7,255.8,255.01,255.01,146
2025-02-13 05:00:00,255.24,255.25,254.9,254.9,865
2025-02-13 05:30:00,254.97,254.99,254.68,254.83,343
2025-02-13 06:00:00,255.0,255.82,254.86,255.28,54
2025-02-13 06:30:00,255.25,255.26,254.8,254.92,641
2025-02-13 07:00:00,255.2,255.36,254.9,254.97,336
2025-02-13 07:30:00,255.01,255.5,255.01,255.08,128
2025-02-13 08:00:00,255.21,256.05,254.59,255.05,778
2025-02-13 08:30:00,255.99,255.99,255.0,255.22,1848
2025-02-13 09:00:00,255.75,255.75,255.0,255.0,3017
2025-02-13 09:30:00,255.66,255.88,254.41,254.42,161544
2025-02-13 10:00:00,254.45,256.16,254.42,254.68,161213
2025-02-13 10:30:00,254.68,256.17,254.65,255.79,153985
2025-02-13 11:00:00,255.785,256.17,255.7,255.815,146611
2025-02-13 11:30:00,255.74,256.4,255.53,255.945,123223
2025-02-13 12:00:00,255.955,257.04,255.68,256.985,136558
2025-02-13 12:30:00,257.0487,257.37,256.8,256.9001,113771
2025-02-13 13:00:00,256.95,257.448,256.55,257.27,111082
2025-02-13 13:30:00,257.305,257.66,256.8628,257.5,133715
2025-02-13 14:00:00,257.49,258.2,257.49,257.91,169107
2025-02-13 14:30:00,257.87,258.34,257.72,258.0993,147648
2025-02-13 15:00:00,258.03,258.57,257.91,258.535,174840
2025-02-13 15:30:00,258.54,259.28,258.31,259.18,843523
2025-02-13 16:00:00,259.18,259.28,257.5,259.02,3897403
2025-02-13 16:30:00,259.02,259.1888,259.0,259.1888,590
2025-02-13 17:00:00,259.1853,259.19,259.0,259.01,157
2025-02-13 17:30:00,259.0,259.39,219.88,259.39,702
2025-02-13 18:00:00,257.5,259.15,257.5,259.15,540
2025-02-13 18:30:00,259.19,259.19,259.0,259.15,970459
2025-02-13 19:00:00,259.19,259.39,259.15,259.39,971886
2025-02-13 19:30:00,259.32,260.0,259.25,259.39,1484
2025-02-14 04:00:00,258.96,258.96,257.49,258.0,488
2025-02-14 04:30:00,258.03,258.86,258.03,258.84,565
2025-02-14 05:00:00,258.84,258.98,258.62,258.98,764
2025-02-14 05:30:00,258.62,258.85,258.27,258.27,103
2025-02-14 06:00:00,258.27,258.86,257.66,258.0,287
2025-02-14 06:30:00,258.7,258.89,257.99,257.99,265
2025-02-14 07:00:00,257.93,258.0,257.73,257.95,2573
2025-02-14 07:30:00,257.74,258.06,257.5,257.9,394
2025-02-14 08:00:00,258.9347,259.19,257.025,257.76,1166
2025-02-14 08:30:00,257.76,258.1,256.12,258.1,1869
2025-02-14 09:00:00,257.58,258.55,257.15,258.55,2849
2025-02-14 09:30:00,259.0,259.42,257.91,259.18,242381
2025-02-14 10:00:00,259.18,260.15,259.0,259.53,222164
2025-02-14 10:30:00,259.491,261.59,259.33,261.42,222696
2025-02-14 11:00:00,261.5,261.94,259.73,259.83,195611
2025-02-14 11:30:00,259.81,260.35,259.52,260.275,131812
2025-02-14 12:00:00,260.25,260.35,259.91,259.96,101109
2025-02-14 12:30:00,260.02,260.43,259.69,260.375,83300
2025-02-14 13:00:00,260.38,260.69,260.21,260.5795,68288
2025-02-14 13:30:00,260.5297,260.85,260.52,260.755,79551
2025-02-14 14:00:00,260.75,260.98,260.34,260.53,94323
2025-02-14 14:30:00,260.57,260.755,260.32,260.745,102011
2025-02-14 15:00:00,260.74,260.91,260.48,260.835,158590
2025-02-14 15:30:00,260.855,261.56,260.58,261.13,846115
2025-02-14 16:00:00,261.13,262.0,260.31,260.8685,2845471
2025-02-14 16:30:00,261.1,261.8805,260.04,261.0,1297
2025-02-14 17:00:00,261.2,261.5,261.01,261.4875,406
2025-02-14 17:30:00,261.15,261.5,261.0,261.28,308
2025-02-14 18:00:00,261.0,261.7,261.0,261.0,46
2025-02-14 18:30:00,261.28,261.5,258.0,261.5,742891
2025-02-14 19:00:00,261.28,261.28,258.0,260.98,744624
2025-02-14 19:30:00,260.3,260.95,259.99,260.01,126
2025-02-18 04:00:00,260.0,261.27,260.0,260.47,1451
2025-02-18 04:30:00,260.46,260.67,260.46,260.5,688
2025-02-18 05:00:00,260.59,260.65,260.46,260.65,201
2025-02-18 05:30:00,260.64,260.66,260.5,260.59,846
2025-02-18 06:00:00,260.54,260.64,260.54,260.64,77
2025-02-18 06:30:00,260.56,260.67,260.56,260.65,170
2025-02-18 07:00:00,260.7,260.7,260.54,260.66,837
2025-02-18 07:30:00,260.61,261.25,260.61,261.06,1867
2025-02-18 08:00:00,260.6,263.38,260.0312,261.79,3588
2025-02-18 08:30:00,261.08,262.0,260.5,260.55,3480
2025-02-18 09:00:00,261.28,261.7,260.5,260.5,2087
2025-02-18 09:30:00,261.93,261.93,259.83,260.6,442279
2025-02-18 10:00:00,260.64,261.36,259.88,261.065,218723
2025-02-18 10:30:00,261.045,261.2317,259.9,261.05,158155
2025-02-18 11:00:00,261.01,262.06,260.93,261.53,183730
2025-02-18 11:30:00,261.525,262.98,261.525,262.48,159003
2025-02-18 12:00:00,262.41,262.8,261.86,262.7002,195682
2025-02-18 12:30:00,262.8085,263.89,262.7163,263.8099,129593
2025-02-18 13:00:00,263.81,263.89,262.8101,263.3,124981
2025-02-18 13:30:00,263.2901,263.965,263.0224,263.435,133657
2025-02-18 14:00:00,263.38,263.68,262.13,262.96,175121
2025-02-18 14:30:00,262.98,263.57,262.89,263.42,165393
2025-02-18 15:00:00,263.42,263.67,263.13,263.239,177087
2025-02-18 15:30:00,263.265,263.74,262.24,263.15,581084
2025-02-18 16:00:00,263.15,264.43,263.0,264.3192,2194054
2025-02-18 16:30:00,263.8,265.0,260.0,263.07,49310
2025-02-18 17:00:00,263.07,264.0,262.525,263.35,406346
2025-02-18 17:30:00,263.08,263.5,263.08,263.1,62
2025-02-18 18:00:00,263.3,263.5,262.5,263.4883,1069
2025-02-18 18:30:00,263.07,263.35,263.0,263.227,623112
2025-02-18 19:00:00,263.07,263.3488,263.07,263.09,623216
2025-02-18 19:30:00,263.22,263.35,263.07,263.08,141
2025-02-19 04:00:00,263.08,264.55,262.08,263.21,66
2025-02-19 04:30:00,263.24,263.62,263.24,263.6,37
2025-02-19 05:00:00,263.6,263.79,263.22,263.75,173
2025-02-19 05:30:00,263.54,263.65,262.17,263.01,383
2025-02-19 06:00:00,262.52,262.52,262.24,262.26,75
2025-02-19 06:30:00,262.28,262.78,262.25,262.78,129
2025-02-19 07:00:00,262.48,262.94,262.3,262.94,282
2025-02-19 07:30:00,263.0,263.29,262.5,262.6,785
2025-02-19 08:00:00,263.1397,264.3,262.21,262.21,762
2025-02-19 08:30:00,262.28,262.8,262.04,262.09,452
2025-02-19 09:00:00,262.6,262.8,261.8,262.0,1008
2025-02-19 09:30:00,262.0,262.9071,260.66,261.52,235230
2025-02-19 10:00:00,261.56,261.795,260.6,260.9,169204
2025-02-19 10:30:00,260.75,261.35,260.09,260.7689,237953
2025-02-19 11:00:00,260.83,261.38,260.75,261.27,139702
2025-02-19 11:30:00,261.26,261.9,261.14,261.64,131353
2025-02-19 12:00:00,261.61,261.7541,261.11,261.225,106726
2025-02-19 12:30:00,261.225,261.38,260.98,261.22,130252
2025-02-19 13:00:00,261.165,262.08,260.8212,261.9289,160154
2025-02-19 13:30:00,262.11,262.88,262.08,262.41,139602
2025-02-19 14:00:00,262.44,263.34,262.16,263.14,106308
2025-02-19 14:30:00,263.06,263.225,262.8,262.98,145449
2025-02-19 15:00:00,262.905,262.97,262.14,262.37,198410
2025-02-19 15:30:00,262.42,264.36,262.42,264.28,721890
2025-02-19 16:00:00,264.31,264.4,260.0,264.25,2358254
2025-02-19 16:30:00,264.25,264.32,223.7999,264.0,10634
2025-02-19 17:00:00,263.16,264.32,263.0,264.1,40707
2025-02-19 17:30:00,263.01,264.3,263.0,263.0,320
2025-02-19 18:00:00,263.0,264.23,263.0,264.2,189
2025-02-19 18:30:00,264.32,264.32,264.0,264.1,659807
2025-02-19 19:00:00,264.32,264.32,183.564,183.564,659611
2025-02-19 19:30:00,263.022,264.2,263.0001,263.99,207
2025-02-20 04:00:00,263.38,263.82,262.01,263.75,215
2025-02-20 04:30:00,263.71,263.75,263.69,263.69,14
2025-02-20 05:00:00,263.6,263.69,263.14,263.14,10
2025-02-20 05:30:00,263.21,263.68,263.2,263.66,10
2025-02-20 06:00:00,263.57,263.69,263.1,263.1,21
2025-02-20 06:30:00,263.11,263.11,262.36,262.68,788
2025-02-20 07:00:00,262.53,263.14,261.24,262.6,136
2025-02-20 07:30:00,262.6,263.14,262.5,263.14,343
2025-02-20 08:00:00,263.0,265.16,262.31,262.98,15003
2025-02-20 08:30:00,262.98,263.4,262.98,263.0,591
2025-02-20 09:00:00,263.0,264.32,263.0,264.11,752586
2025-02-20 09:30:00,263.65,264.32,262.25,262.815,444676
2025-02-20 10:00:00,262.84,264.1899,262.15,263.9,271559
2025-02-20 10:30:00,263.86,264.2,263.185,263.5,256654
2025-02-20 11:00:00,263.5,263.6,262.6467,263.21,167230
2025-02-20 11:30:00,263.25,263.28,262.43,263.12,232264
2025-02-20 12:00:00,263.01,264.23,262.94,263.925,133273
2025-02-20 12:30:00,263.92,264.1599,263.6,263.84,109668
2025-02-20 13:00:00,263.8,264.24,263.5,263.79,149522
2025-02-20 13:30:00,263.785,264.49,263.64,264.425,137625
2025-02-20 14:00:00,264.4,264.62,264.11,264.27,164593
2025-02-20 14:30:00,264.31,264.88,264.11,264.67,235985
2025-02-20 15:00:00,264.64,265.09,264.45,264.94,400202
2025-02-20 15:30:00,264.926,265.05,264.38,264.79,720145
2025-02-20 16:00:00,264.79,265.5,261.55,265.5,1795931
2025-02-20 16:30:00,265.2042,265.5,264.2,264.25,126
2025-02-20 17:00:00,264.73,264.74,264.2,264.74,84
2025-02-20 17:30:00,264.73,264.74,264.2,264.2,292
2025-02-20 18:00:00,264.74,264.74,264.2,264.74,1449
2025-02-20 18:30:00,264.74,265.25,264.2,265.175,555556
2025-02-20 19:00:00,264.74,265.2,264.5,265.2,555225
2025-02-20 19:30:00,265.2,265.2,264.4,264.81,594
2025-02-21 04:00:00,260.0,265.06,260.0,264.79,98
2025-02-21 04:30:00,264.5,264.58,264.23,264.29,127
2025-02-21 05:00:00,264.27,264.45,264.26,264.39,552
2025-02-21 05:30:00,264.09,264.43,263.95,264.35,26
2025-02-21 06:00:00,264.12,264.39,264.12,264.34,80
2025-02-21 06:30:00,264.02,264.43,263.96,264.24,160
2025-02-21 07:00:00,264.24,265.4,264.17,265.27,1970
2025-02-21 07:30:00,265.0,265.34,264.8,265.29,360
2025-02-21 08:00:00,264.74,265.5,263.75,265.0,2208
2025-02-21 08:30:00,265.1,265.44,264.56,264.56,1129
2025-02-21 09:00:00,265.2,265.2,263.0,263.11,3376
2025-02-21 09:30:00,263.845,264.83,263.05,264.21,559085
2025-02-21 10:00:00,264.37,264.7157,263.34,263.625,213778
2025-02-21 10:30:00,263.575,264.2405,263.37,264.24,192643
2025-02-21 11:00:00,264.245,264.57,263.66,263.785,192220
2025-02-21 11:30:00,263.74,264.28,263.72,263.95,193596
2025-02-21 12:00:00,263.98,264.42,263.5009,263.69,197988
2025-02-21 12:30:00,263.72,263.78,261.1,262.16,443210
2025-02-21 13:00:00,262.17,262.7,261.58,261.585,395764
2025-02-21 13:30:00,261.585,262.67,261.485,262.6075,143035
2025-02-21 14:00:00,262.65,263.02,262.07,262.25,679557
2025-02-21 14:30:00,262.1572,262.4,261.73,262.01,175090
2025-02-21 15:00:00,262.0,262.13,261.58,261.8,222110
2025-02-21 15:30:00,261.85,262.24,261.27,261.71,992412
2025-02-21 16:00:00,261.69,261.755,261.0,261.53,2407899
2025-02-21 16:30:00,261.2,262.76,261.2,261.4,74625
2025-02-21 17:00:00,261.2,262.8,261.2,261.45,975
2025-02-21 17:30:00,261.46,261.7,261.21,261.47,1227
2025-02-21 18:00:00,261.35,261.7,261.21,261.6988,474
2025-02-21 18:30:00,261.48,261.7,261.21,261.21,715502
2025-02-21 19:00:00,261.48,261.69,261.21,261.39,715055
2025-02-21 19:30:00,261.21,261.42,261.2,261.42,1072
2025-02-24 04:00:00,261.2,263.45,261.2,263.1,619
2025-02-24 04:30:00,262.57,263.1,262.52,262.54,70
2025-02-24 05:00:00,262.71,263.13,262.3,262.73,107
2025-02-24 05:30:00,262.68,263.1,262.42,262.98,214
2025-02-24 06:00:00,262.79,263.28,262.79,262.8,268
2025-02-24 06:30:00,262.79,263.95,262.79,263.17,236
2025-02-24 07:00:00,263.17,263.43,262.46,263.32,1445
2025-02-24 07:30:00,263.34,263.45,262.48,263.28,934
2025-02-24 08:00:00,263.12,264.46,260.75,262.58,3588
2025-02-24 08:30:00,262.8,262.8,262.02,262.11,1159
2025-02-24 09:00:00,262.14,262.93,261.0,261.0,4077
2025-02-24 09:30:00,261.5,263.2499,260.49,261.2,369416
2025-02-24 10:00:00,261.155,262.29,259.58,261.595,275055
2025-02-24 10:30:00,261.52,261.64,260.205,260.72,184615
2025-02-24 11:00:00,260.74,263.6199,260.72,263.3,165343
2025-02-24 11:30:00,263.41,263.53,262.59,262.82,133857
2025-02-24 12:00:00,262.86,263.845,262.84,263.31,141804
2025-02-24 12:30:00,263.31,263.81,263.0244,263.0244,112219
2025-02-24 13:00:00,262.99,263.42,262.8862,263.165,100131
2025-02-24 13:30:00,263.12,263.35,262.6198,262.74,96260
2025-02-24 14:00:00,262.88,262.97,262.4901,262.56,103798
2025-02-24 14:30:00,262.64,262.88,262.335,262.42,97738
2025-02-24 15:00:00,262.45,262.68,262.28,262.635,178608
2025-02-24 15:30:00,262.66,263.53,261.88,261.93,708733
2025-02-24 16:00:00,262.01,263.485,261.83,261.87,2933816
2025-02-24 16:30:00,262.0,263.0,259.0,262.62,245382
2025-02-24 17:00:00,261.5225,262.4,259.2897,261.95,1316
2025-02-24 17:30:00,261.87,262.2,261.33,261.3562,187
2025-02-24 18:00:00,262.4,262.4,261.4962,261.5,455
2025-02-24 18:30:00,261.87,261.87,259.0,261.78,733114
2025-02-24 19:00:00,261.87,262.4,259.0,262.05,733559
2025-02-24 19:30:00,262.06,262.51,261.0,262.5,313
2025-02-25 04:00:00,261.9,262.47,261.9,262.24,1230
2025-02-25 04:30:00,262.02,262.22,261.87,262.04,1569
2025-02-25 05:00:00,261.7,261.72,261.45,261.5,116
2025-02-25 05:30:00,261.5,261.68,261.0,261.14,145
2025-02-25 06:00:00,261.58,261.58,261.14,261.2,130
2025-02-25 06:30:00,261.5,261.6,261.15,261.49,570
2025-02-25 07:00:00,261.49,261.89,261.4,261.89,459
2025-02-25 07:30:00,261.89,262.0,261.54,261.89,359
2025-02-25 08:00:00,261.49,263.8988,260.7615,261.78,2783
2025-02-25 08:30:00,261.66,261.8,260.9,260.9,2110
2025-02-25 09:00:00,261.18,261.18,259.9,261.0,2696
2025-02-25 09:30:00,261.08,263.29,260.46,261.3758,412241
2025-02-25 10:00:00,261.505,261.505,259.08,259.63,355218
2025-02-25 10:30:00,259.75,261.64,258.9,261.1614,341326
2025-02-25 11:00:00,261.2,261.8,260.4101,261.23,279419
2025-02-25 11:30:00,261.24,263.29,260.38,263.02,209978
2025-02-25 12:00:00,262.95,262.95,261.92,262.71,1116955
2025-02-25 12:30:00,262.72,263.48,262.4163,263.28,161811
2025-02-25 13:00:00,263.28,263.39,261.365,261.385,239526
2025-02-25 13:30:00,261.38,262.375,261.06,261.83,162414
2025-02-25 14:00:00,261.84,262.05,260.0383,260.145,196234
2025-02-25 14:30:00,260.0874,260.71,259.2,260.32,234020
2025-02-25 15:00:00,260.245,261.0467,259.76,260.67,224986
2025-02-25 15:30:00,260.67,260.73,256.77,257.68,973420
2025-02-25 16:00:00,257.74,262.625,257.5,257.75,2762173
2025-02-25 16:30:00,257.75,259.01,257.75,259.01,19931
2025-02-25 17:00:00,259.01,263.0,257.75,259.27,6107
2025-02-25 17:30:00,259.26,259.27,259.0,259.27,194
2025-02-25 18:00:00,259.01,263.5,259.0,260.01,112
2025-02-25 18:30:00,257.75,259.0,257.75,258.92,707920
2025-02-25 19:00:00,257.75,259.5,257.75,258.0375,708037
2025-02-25 19:30:00,258.55,258.66,258.0472,258.0472,37
2025-02-26 04:00:00,257.78,259.6,257.13,259.21,2323
2025-02-26 04:30:00,259.21,259.49,259.16,259.25,1066
2025-02-26 05:00:00,259.35,259.68,259.25,259.26,385
2025-02-26 05:30:00,259.37,259.81,259.37,259.37,19
2025-02-26 06:00:00,259.37,259.73,259.25,259.25,88
2025-02-26 06:30:00,259.26,259.62,259.14,259.32,1258
2025-02-26 07:00:00,259.32,259.57,259.25,259.33,875
2025-02-26 07:30:00,259.33,259.61,259.23,259.54,5142
2025-02-26 08:00:00,259.73,260.0,256.93,259.49,2486
2025-02-26 08:30:00,259.53,259.56,258.08,258.64,3984
2025-02-26 09:00:00,258.4,259.25,258.0,258.0,2572
2025-02-26 09:30:00,258.1,258.325,254.725,257.15,389951
2025-02-26 10:00:00,257.37,257.63,256.7427,257.09,200163
2025-02-26 10:30:00,257.06,258.3099,257.06,257.58,175481
2025-02-26 11:00:00,257.63,257.82,256.69,257.135,159512
2025-02-26 11:30:00,257.185,257.815,256.8,257.18,169461
2025-02-26 12:00:00,257.22,257.55,256.5,256.78,136391
2025-02-26 12:30:00,256.86,256.96,255.05,255.265,171067
2025-02-26 13:00:00,255.24,255.6,254.72,254.75,192322
2025-02-26 13:30:00,254.775,255.37,254.48,254.76,170592
2025-02-26 14:00:00,254.76,256.07,254.4104,255.945,228496
2025-02-26 14:30:00,255.945,256.99,255.84,255.84,203953
2025-02-26 15:00:00,255.81,256.2,255.55,255.89,171433
2025-02-26 15:30:00,255.83,257.01,255.53,255.97,504451
2025-02-26 16:00:00,255.97,258.0,252.1752,256.02,1416725
2025-02-26 16:30:00,255.84,257.85,255.5,255.8,6252
2025-02-26 17:00:00,255.5344,258.0,255.5,257.751,436
2025-02-26 17:30:00,257.795,257.8,256.0,257.25,216
2025-02-26 18:00:00,257.25,257.8,256.0,256.95,37
2025-02-26 18:30:00,255.84,257.8,255.84,257.8,428920
2025-02-26 19:00:00,255.84,257.75,255.84,257.75,429743
2025-02-26 19:30:00,257.7988,257.7988,255.8,255.8,97
2025-02-27 04:00:00,256.71,256.8,256.15,256.69,349
2025-02-27 04:30:00,256.35,256.64,256.15,256.15,23
2025-02-27 05:00:00,256.38,256.65,255.94,256.01,17
2025-02-27 05:30:00,256.49,256.49,256.12,256.3,110
2025-02-27 06:00:00,256.29,256.3,256.29,256.3,34
2025-02-27 06:30:00,256.4,256.55,256.07,256.07,25
2025-02-27 07:00:00,256.48,256.56,256.1,256.32,672
2025-02-27 07:30:00,256.5,256.63,256.1,256.1,806
2025-02-27 08:00:00,256.07,257.0988,255.2512,255.77,1494
2025-02-27 08:30:00,255.8,258.52,255.0,255.1,459
2025-02-27 09:00:00,256.4,256.4,254.1,254.1,3128
2025-02-27 09:30:00,255.22,256.79,253.59,254.7101,368761
2025-02-27 10:00:00,254.9,257.56,254.19,256.79,244272
2025-02-27 10:30:00,256.88,257.63,256.39,256.49,160893
2025-02-27 11:00:00,256.49,257.37,256.29,256.38,142935
2025-02-27 11:30:00,256.45,256.73,255.27,255.355,139922
2025-02-27 12:00:00,255.39,255.71,254.48,255.3625,152311
2025-02-27 12:30:00,255.36,255.54,254.59,255.27,108022
2025-02-27 13:00:00,255.33,256.2214,255.29,255.68,127068
2025-02-27 13:30:00,255.755,256.7,255.6,256.045,148681
2025-02-27 14:00:00,256.082,256.2,254.86,254.93,155310
2025-02-27 14:30:00,254.86,254.905,253.92,254.32,179960
2025-02-27 15:00:00,254.315,254.66,253.65,253.66,253533
2025-02-27 15:30:00,253.69,254.41,253.05,253.33,635898
2025-02-27 16:00:00,253.33,254.25,251.0,253.25,1528830
2025-02-27 16:30:00,253.26,256.0,253.23,253.7,800
2025-02-27 17:00:00,253.3175,253.95,252.363,252.52,14620
2025-02-27 17:30:00,253.0,253.23,251.18,252.67,80128
2025-02-27 18:00:00,252.95,256.0,252.01,252.7,687
2025-02-27 18:30:00,253.23,253.23,252.0347,252.6,485950
2025-02-27 19:00:00,253.23,253.23,252.01,252.01,486318
2025-02-27 19:30:00,253.0,253.0,252.5,252.5,47
2025-02-28 04:00:00,253.5,254.84,253.0,253.97,786
2025-02-28 04:30:00,253.75,253.96,253.75,253.76,129
2025-02-28 05:00:00,253.8,253.83,253.47,253.51,431
2025-02-28 05:30:00,253.73,253.73,253.73,253.73,8
2025-02-28 06:00:00,253.62,253.8,253.52,253.55,360
2025-02-28 06:30:00,253.77,253.94,253.55,253.92,361
2025-02-28 07:00:00,253.62,254.58,253.56,254.06,1545
2025-02-28 07:30:00,254.31,254.31,253.6,253.75,1102
2025-02-28 08:00:00,253.276,255.0988,253.23,253.75,2472
2025-02-28 08:30:00,254.1,254.3299,253.2542,253.91,1031
2025-02-28 09:00:00,254.275,254.275,250.81,251.44,4437
2025-02-28 09:30:00,250.855,251.9,246.54,248.195,1034782
2025-02-28 10:00:00,248.195,251.13,247.9965,250.405,246256
2025-02-28 10:30:00,250.48,250.835,249.8,250.23,198846
2025-02-28 11:00:00,250.1275,250.53,248.5,248.61,233034
2025-02-28 11:30:00,248.59,250.49,248.57,250.16,133067
2025-02-28 12:00:00,250.23,250.61,249.46,249.58,235331
2025-02-28 12:30:00,249.54,249.5699,247.84,248.0,205376
2025-02-28 13:00:00,247.99,248.76,247.56,248.76,171409
2025-02-28 13:30:00,248.66,249.59,247.6,247.68,332697
2025-02-28 14:00:00,247.69,248.28,247.5,248.245,224891
2025-02-28 14:30:00,248.2,249.76,247.92,249.33,282340
2025-02-28 15:00:00,249.385,250.945,249.3675,250.63,370993
2025-02-28 15:30:00,250.64,252.8099,250.33,252.57,747370
2025-02-28 16:00:00,252.46,252.99,250.2,252.9203,8008225
2025-02-28 16:30:00,252.44,252.99,251.94,251.94,346004
2025-02-28 17:00:00,251.1995,252.44,250.2,250.2,71
2025-02-28 17:30:00,251.7,252.44,251.7,252.02,42
2025-02-28 18:00:00,252.24,252.44,252.09,252.09,70
2025-02-28 18:30:00,252.44,252.44,252.01,252.1,2397187
2025-02-28 19:00:00,252.44,252.52,252.0,252.02,2397308
2025-02-28 19:30:00,252.02,252.59,252.02,252.5,338
2025-03-03 04:00:00,252.03,252.44,251.66,252.12,279
2025-03-03 04:30:00,252.74,252.86,252.74,252.86,55
2025-03-03 05:00:00,252.8,252.96,252.47,252.89,84
2025-03-03 05:30:00,252.94,252.94,252.6,252.62,325
2025-03-03 06:00:00,252.5,252.8,252.5,252.71,48
2025-03-03 06:30:00,252.71,252.84,252.62,252.64,76
2025-03-03 07:00:00,252.64,253.81,252.55,253.26,794
2025-03-03 07:30:00,253.27,253.27,253.01,253.02,146
2025-03-03 08:00:00,250.4907,255.1988,250.3712,252.99,693
2025-03-03 08:30:00,252.97,254.0,252.78,253.4,3300
2025-03-03 09:00:00,252.78,254.67,252.78,254.33,4188
2025-03-03 09:30:00,254.735,255.99,252.44,252.74,314988
2025-03-03 10:00:00,252.37,254.03,251.79,253.09,166744
2025-03-03 10:30:00,253.045,254.05,252.65,252.745,145107
2025-03-03 11:00:00,252.85,253.7599,252.4301,252.638,157903
2025-03-03 11:30:00,252.68,252.75,251.66,252.425,122211
2025-03-03 12:00:00,252.425,253.15,252.39,253.01,72444
2025-03-03 12:30:00,253.01,253.52,252.5,252.88,99107
2025-03-03 13:00:00,252.75,252.9,251.4,251.4,120484
2025-03-03 13:30:00,251.5991,251.85,251.01,251.44,131075
2025-03-03 14:00:00,251.34,252.35,251.26,251.565,125325
2025-03-03 14:30:00,251.56,252.29,250.72,250.91,131047
2025-03-03 15:00:00,250.802,250.802,248.68,248.97,234197
2025-03-03 15:30:00,248.9,250.36,248.245,250.33,532867
2025-03-03 16:00:00,250.33,251.4184,247.0,250.4,1613092
2025-03-03 16:30:00,250.22,250.4988,250.21,250.47,340
2025-03-03 17:00:00,250.45,250.4988,250.19,250.27,14952
2025-03-03 17:30:00,250.21,250.47,250.21,250.43,221
2025-03-03 18:00:00,250.4,250.5,250.25,250.5,126
2025-03-03 18:30:00,250.19,251.14,250.19,250.3467,507193
2025-03-03 19:00:00,250.19,250.99,250.19,250.366,506774
2025-03-03 19:30:00,250.6,250.99,250.35,250.35,318
2025-03-04 04:00:00,250.0,250.18,249.25,249.63,2868
2025-03-04 04:30:00,249.39,249.5,248.55,249.37,255
2025-03-04 05:00:00,249.42,249.49,249.1,249.1,233
2025-03-04 05:30:00,249.1,249.5,248.9,249.5,371
2025-03-04 06:00:00,249.02,249.4,248.92,249.4,465
2025-03-04 06:30:00,249.15,249.5,249.15,249.46,77
2025-03-04 07:00:00,249.46,249.49,248.5,248.51,1914
2025-03-04 07:30:00,248.51,249.1,248.5,248.75,1742
2025-03-04 08:00:00,249.13,250.1988,247.5,249.0,6205
2025-03-04 08:30:00,248.98,249.5,248.1,248.81,3519
2025-03-04 09:00:00,248.5,251.62,248.1,249.0,4259
2025-03-04 09:30:00,248.75,252.46,248.1,250.25,850964
2025-03-04 10:00:00,250.27,252.4,249.72,251.9846,362765
2025-03-04 10:30:00,251.93,253.0,251.17,251.64,311857
2025-03-04 11:00:00,251.6,252.41,251.15,251.4983,272729
2025-03-04 11:30:00,251.63,252.9,251.08,252.61,229264
2025-03-04 12:00:00,252.62,253.54,251.74,253.352,249633
2025-03-04 12:30:00,253.31,253.36,252.3401,252.59,182832
2025-03-04 13:00:00,252.59,253.58,252.5018,252.82,111331
2025-03-04 13:30:00,252.925,254.0,252.7028,253.785,128254
2025-03-04 14:00:00,253.78,254.9,253.78,254.3545,193860
2025-03-04 14:30:00,254.305,254.37,253.98,254.12,26183
2025-03-04 15:00:00,254.05,255.48,253.98,255.185,159351
2025-03-04 15:30:00,255.29,255.29,252.27,253.1,496655
2025-03-04 16:00:00,253.205,253.22,252.4254,253.21,301805
2025-03-05 04:00:00,255.55,255.55,254.01,254.2,148
2025-03-05 04:30:00,254.69,254.7,254.1,254.67,210
2025-03-05 05:00:00,254.7,254.7,254.42,254.46,34
2025-03-05 05:30:00,254.7,254.84,254.47,254.8,23
2025-03-05 06:00:00,254.52,254.72,254.09,254.72,80
2025-03-05 06:30:00,254.5,254.67,253.21,253.5,457
2025-03-05 07:00:00,253.52,253.75,252.29,253.27,1101
2025-03-05 07:30:00,253.09,253.47,253.0,253.16,158
2025-03-05 08:00:00,253.89,254.9588,252.0,252.46,1999
2025-03-05 08:30:00,252.3001,253.0,252.3,252.3175,1561
2025-03-05 09:00:00,252.3,253.0,252.0,252.0,2309
2025-03-05 09:30:00,251.58,252.74,248.89,249.35,288910
2025-03-05 10:00:00,249.37,250.9699,247.17,247.569,323194
2025-03-05 10:30:00,247.64,249.0,247.64,248.565,209204
2025-03-05 11:00:00,248.63,248.64,247.0146,248.04,173286
2025-03-05 11:30:00,247.9407,248.76,247.2,248.5,151406
2025-03-05 12:00:00,248.57,249.81,248.42,249.76,128368
2025-03-05 12:30:00,249.73,250.48,249.62,250.1599,126579
2025-03-05 13:00:00,250.02,250.42,249.0821,249.34,137300
2025-03-05 13:30:00,249.36,250.38,248.76,250.37,103857
2025-03-05 14:00:00,250.33,251.41,249.955,250.9,154272
2025-03-05 14:30:00,250.885,251.2,250.57,250.57,131545
2025-03-05 15:00:00,250.565,251.5,249.94,251.4999,181187
2025-03-05 15:30:00,251.33,251.5,249.73,251.31,602095
2025-03-05 16:00:00,251.31,251.94,250.0,251.18,3020394
2025-03-05 16:30:00,251.18,251.35,250.02,250.91,16836
2025-03-05 17:00:00,251.163,251.35,250.6137,250.92,489
2025-03-05 17:30:00,250.61,251.15,250.61,250.9,38
2025-03-05 18:00:00,250.9,251.05,250.9,251.0,1606
2025-03-05 18:30:00,251.35,251.35,250.72,250.72,874489
2025-03-05 19:00:00,251.35,251.35,250.6,251.14,874480
2025-03-05 19:30:00,251.12,251.17,250.6,250.72,109
2025-03-06 04:00:00,251.4,251.4,248.01,249.21,517
2025-03-06 04:30:00,249.02,249.35,248.56,248.63,288
2025-03-06 05:00:00,248.53,249.38,248.2,248.45,2180
2025-03-06 05:30:00,248.38,248.8,248.3,248.53,887
2025-03-06 06:00:00,248.34,248.49,248.25,248.25,273
2025-03-06 06:30:00,248.17,248.49,248.17,248.49,732
2025-03-06 07:00:00,248.49,248.82,248.43,248.45,636
2025-03-06 07:30:00,248.53,248.71,248.27,248.34,641
2025-03-06 08:00:00,250.3597,253.42,247.0,248.39,3797
2025-03-06 08:30:00,248.1,248.81,247.3,248.6,3127
2025-03-06 09:00:00,248.48,250.7,247.3,250.7,2915
2025-03-06 09:30:00,249.75,250.055,246.8019,247.6666,312439
2025-03-06 10:00:00,247.685,250.93,247.25,250.72,274536
2025-03-06 10:30:00,250.83,251.6996,250.41,251.62,151832
2025-03-06 11:00:00,251.73,252.1,250.95,251.7864,187735
2025-03-06 11:30:00,251.7,252.06,249.451,249.451,154629
2025-03-06 12:00:00,249.54,249.83,248.88,249.1381,94578
2025-03-06 12:30:00,249.215,249.69,248.315,249.18,131210
2025-03-06 13:00:00,249.09,249.16,248.39,248.43,126298
2025-03-06 13:30:00,248.35,248.88,247.38,248.155,99732
2025-03-06 14:00:00,248.15,248.21,247.3,247.44,121415
2025-03-06 14:30:00,247.49,249.49,246.8844,247.8968,219238
2025-03-06 15:00:00,247.81,249.3099,247.69,248.905,199089
2025-03-06 15:30:00,248.99,249.35,248.21,248.53,471303
2025-03-06 16:00:00,248.53,252.9,247.5,249.5,1748052
2025-03-06 16:30:00,248.69,250.5,248.69,250.5,19746
2025-03-06 17:00:00,249.01,252.9,248.75,248.79,430
2025-03-06 17:30:00,248.73,248.97,248.73,248.79,32
2025-03-06 18:00:00,248.79,252.9,248.73,249.0,91
2025-03-06 18:30:00,248.69,252.0,248.69,249.47,519423
2025-03-06 19:00:00,248.69,249.46,248.69,249.0,521123
2025-03-06 19:30:00,249.0635,249.1,249.0,249.0,163
2025-03-07 04:00:00,248.69,249.31,248.3,249.04,148
2025-03-07 04:30:00,249.26,249.26,249.19,249.19,2
2025-03-07 05:00:00,248.98,248.98,248.41,248.52,180
2025-03-07 05:30:00,248.69,248.8,248.29,248.47,334
2025-03-07 06:00:00,248.27,248.5,248.1,248.44,15
2025-03-07 06:30:00,248.18,248.6,248.15,248.47,294
2025-03-07 07:00:00,248.88,248.99,248.34,248.43,269
2025-03-07 07:30:00,248.4,248.4,248.11,248.11,174
2025-03-07 08:00:00,248.78,250.7,247.44,248.27,1911
2025-03-07 08:30:00,248.27,249.2,247.6,247.76,2053
2025-03-07 09:00:00,247.75,248.71,245.372,245.372,4991
2025-03-07 09:30:00,245.95,249.635,245.1823,248.41,384804
2025-03-07 10:00:00,248.44,251.705,247.8507,251.05,310454
2025-03-07 10:30:00,251.115,253.31,250.41,252.79,396705
2025-03-07 11:00:00,252.66,253.18,251.63,252.15,368078
2025-03-07 11:30:00,252.25,252.636,251.62,252.51,367501
2025-03-07 12:00:00,252.615,254.83,252.51,254.765,408444
2025-03-07 12:30:00,254.83,257.055,254.39,255.465,467648
2025-03-07 13:00:00,255.38,257.84,255.1236,257.61,352883
2025-03-07 13:30:00,257.675,259.58,257.57,259.46,488775
2025-03-07 14:00:00,259.46,260.8643,258.85,260.4833,499237
2025-03-07 14:30:00,260.47,261.0399,259.91,260.1599,361809
2025-03-07 15:00:00,260.21,260.69,259.81,260.58,346330
2025-03-07 15:30:00,260.51,261.96,259.21,261.42,1059330
2025-03-07 16:00:00,261.54,262.9605,260.6,261.75,2297249
2025-03-07 16:30:00,261.59,262.0,261.42,261.5,6802
2025-03-07 17:00:00,262.473,263.0,261.42,261.54,6928
2025-03-07 17:30:00,261.65,261.89,260.8,260.8,450
2025-03-07 18:00:00,261.89,261.89,260.81,261.29,581
2025-03-07 18:30:00,261.54,261.54,260.81,261.45,716460
2025-03-07 19:00:00,261.54,261.54,261.0,261.25,716530
2025-03-07 19:30:00,261.45,261.5399,261.2,261.25,248
2025-03-10 04:00:00,260.87,261.2,259.26,260.0,257
2025-03-10 04:30:00,260.01,260.32,258.66,258.7,493
2025-03-10 05:00:00,258.78,259.56,257.74,259.56,1140
2025-03-10 05:30:00,259.8,260.32,259.55,260.24,839
2025-03-10 06:00:00,260.24,260.45,259.81,259.81,180
2025-03-10 06:30:00,259.81,259.91,259.51,259.87,41
2025-03-10 07:00:00,259.95,260.28,259.55,260.23,1719
2025-03-10 07:30:00,260.24,260.49,259.74,260.13,1173
2025-03-10 08:00:00,261.535,262.9988,242.0012,259.999,5284
2025-03-10 08:30:00,259.75,260.5,258.99,259.6603,5217
2025-03-10 09:00:00,260.2725,261.78,258.9,261.78,23450
2025-03-10 09:30:00,261.56,266.45,260.4807,263.405,1174906
2025-03-10 10:00:00,263.38,265.235,262.41,265.16,688076
2025-03-10 10:30:00,265.04,265.22,262.865,263.26,607627
2025-03-10 11:00:00,263.28,265.95,263.0,263.905,515608
2025-03-10 11:30:00,263.97,264.31,261.47,263.52,460300
2025-03-10 12:00:00,263.7,264.39,263.22,263.71,288992
2025-03-10 12:30:00,263.8,264.26,263.38,263.75,260611
2025-03-10 13:00:00,263.69,263.76,262.11,262.24,317708
2025-03-10 13:30:00,262.25,262.26,260.7,260.91,307311
2025-03-10 14:00:00,260.9186,261.4,259.65,259.9899,365526
2025-03-10 14:30:00,259.905,260.08,256.79,257.41,497474
2025-03-10 15:00:00,257.39,258.08,255.6001,256.104,581288
2025-03-10 15:30:00,256.155,257.71,254.7474,256.96,1073487
2025-03-10 16:00:00,256.96,264.97,256.25,257.5,2344908
2025-03-10 16:30:00,256.73,257.82,256.48,256.9,26503
2025-03-10 17:00:00,257.0,257.3,256.59,257.24,262
2025-03-10 17:30:00,257.0,257.3,256.59,257.0,1495
2025-03-10 18:00:00,257.0,260.91,256.59,256.9,867
2025-03-10 18:30:00,256.9,260.56,256.59,257.39,695914
2025-03-10 19:00:00,256.9,259.9148,256.59,256.61,696838
2025-03-10 19:30:00,256.6,259.91,256.0,259.91,2072
2025-03-11 04:00:00,256.3,259.15,256.3,258.87,661
2025-03-11 04:30:00,258.12,258.9,258.12,258.58,416
2025-03-11 05:00:00,258.26,258.26,257.57,257.57,201
2025-03-11 05:30:00,257.57,257.99,257.53,257.6,247
2025-03-11 06:00:00,257.6,257.75,257.5,257.5,186
2025-03-11 06:30:00,257.63,257.84,257.55,257.8,497
2025-03-11 07:00:00,257.94,257.94,257.0,257.67,2134
2025-03-11 07:30:00,257.74,258.22,257.56,257.57,1454
2025-03-11 08:00:00,258.41,259.2,244.0012,256.94,1883
2025-03-11 08:30:00,256.91,257.3999,256.3,256.44,1138
2025-03-11 09:00:00,256.38,256.59,252.04,254.6,10713
2025-03-11 09:30:00,255.99,256.7,252.2636,252.73,608073
2025-03-11 10:00:00,252.56,254.53,250.97,250.97,444648
2025-03-11 10:30:00,251.03,252.21,249.93,250.225,536947
2025-03-11 11:00:00,250.22,252.3,250.01,250.81,272697
2025-03-11 11:30:00,250.82,251.8799,250.5,250.66,195009
2025-03-11 12:00:00,250.7999,250.8381,248.4644,249.155,250432
2025-03-11 12:30:00,249.28,249.72,248.0,248.565,238869
2025-03-11 13:00:00,248.565,248.7,246.64,246.75,255195
2025-03-11 13:30:00,246.75,247.4299,245.86,247.21,394266
2025-03-11 14:00:00,247.195,250.68,247.195,250.14,261680
2025-03-11 14:30:00,250.19,251.88,249.1301,251.595,292100
2025-03-11 15:00:00,251.645,251.89,250.31,250.3693,226094
2025-03-11 15:30:00,250.4,250.9866,248.725,248.84,676367
2025-03-11 16:00:00,248.84,252.272,248.84,250.1,2208771
2025-03-11 16:30:00,250.1,250.1,246.8515,248.5,16078
2025-03-11 17:00:00,248.5,249.35,247.0,248.95,383
2025-03-11 17:30:00,248.55,249.35,248.55,249.17,317
2025-03-11 18:00:00,248.765,249.35,248.75,248.79,287
2025-03-11 18:30:00,248.95,249.35,248.79,249.01,634837
2025-03-11 19:00:00,248.95,250.99,248.95,250.99,634080
2025-03-11 19:30:00,249.85,250.99,249.001,249.78,12
2025-03-12 04:00:00,249.78,250.42,247.53,248.92,61
2025-03-12 04:30:00,248.99,249.53,248.67,249.53,79
2025-03-12 05:00:00,249.53,249.85,249.53,249.6,17
2025-03-12 05:30:00,249.43,249.7,249.0,249.3,392
2025-03-12 06:00:00,249.31,249.31,249.1,249.3,34
2025-03-12 06:30:00,249.27,251.45,249.27,251.45,3676
2025-03-12 07:00:00,250.63,253.18,250.51,252.05,4684
2025-03-12 07:30:00,252.0,254.14,252.0,252.25,2309
2025-03-12 08:00:00,251.98,268.9988,248.3325,252.05,5388
2025-03-12 08:30:00,252.13,253.08,249.9,251.3,5235
2025-03-12 09:00:00,251.3,251.975,249.04,250.11,3318
2025-03-12 09:30:00,250.35,251.68,247.6661,248.23,503535
2025-03-12 10:00:00,248.22,253.1273,247.51,248.25,335198
2025-03-12 10:30:00,248.36,248.62,246.22,246.855,294016
2025-03-12 11:00:00,246.875,248.7699,245.53,248.405,297665
2025-03-12 11:30:00,248.52,250.32,247.95,249.99,207392
2025-03-12 12:00:00,250.11,250.95,249.25,250.295,244925
2025-03-12 12:30:00,250.36,250.64,248.83,248.9814,136390
2025-03-12 13:00:00,249.0,250.47,248.66,250.3575,98039
2025-03-12 13:30:00,250.4769,250.4769,248.5,248.57,124027
2025-03-12 14:00:00,248.59,249.91,248.24,249.835,126551
2025-03-12 14:30:00,249.91,250.4,249.58,250.1734,137779
2025-03-12 15:00:00,250.13,250.19,249.32,250.0736,160783
2025-03-12 15:30:00,250.17,250.48,249.39,249.56,540022
2025-03-12 16:00:00,249.56,251.06,245.75,249.63,1551501
2025-03-12 16:30:00,249.5,250.0,249.5,250.0,6691
2025-03-12 17:00:00,246.1,249.99,246.1,249.5,58
2025-03-12 17:30:00,249.5,249.99,249.5,249.99,531
2025-03-12 18:00:00,249.01,250.0,249.01,249.51,93
2025-03-12 18:30:00,249.63,250.0,249.45,249.95,470749
2025-03-12 19:00:00,249.63,250.0,249.63,249.98,470731
2025-03-12 19:30:00,249.95,250.5,249.87,250.5,285
2025-03-13 04:00:00,249.58,249.58,248.51,248.6,153
2025-03-13 04:30:00,248.9,249.4,248.3,249.01,144
2025-03-13 05:00:00,249.3,249.62,249.3,249.62,83
2025-03-13 05:30:00,249.56,249.56,249.32,249.32,51
2025-03-13 06:00:00,249.62,250.03,249.54,250.03,237
2025-03-13 06:30:00,249.98,249.98,249.98,249.98,2
2025-03-13 07:00:00,249.9,250.0,249.5,249.5,176
2025-03-13 07:30:00,249.45,249.52,248.55,249.46,258
2025-03-13 08:00:00,259.2588,259.2588,247.0,249.42,1177
2025-03-13 08:30:00,249.42,249.99,248.5,249.35,569
2025-03-13 09:00:00,249.32,249.99,248.5,248.85,2596
2025-03-13 09:30:00,248.8,249.27,246.36,246.91,272697
2025-03-13 10:00:00,246.76,248.09,246.06,247.3,290442
2025-03-13 10:30:00,247.45,247.73,246.01,246.86,257992
2025-03-13 11:00:00,246.835,247.25,245.91,246.26,125096
2025-03-13 11:30:00,246.22,246.7,244.42,244.57,238551
2025-03-13 12:00:00,244.59,245.3192,243.76,244.01,223555
2025-03-13 12:30:00,243.9,245.46,243.8,244.64,232309
2025-03-13 13:00:00,244.53,244.97,244.07,244.615,170732
2025-03-13 13:30:00,244.4929,244.65,243.04,243.64,237430
2025-03-13 14:00:00,243.6155,245.76,243.57,245.76,188340
2025-03-13 14:30:00,245.7,247.27,245.51,246.69,171551
2025-03-13 15:00:00,246.725,246.9577,245.45,245.71,204879
2025-03-13 15:30:00,245.71,246.18,244.99,245.63,571568
2025-03-13 16:00:00,245.63,247.33,244.18,246.32,1656217
2025-03-13 16:30:00,247.0,247.0,245.8,246.05,28800
2025-03-13 17:00:00,245.82,247.0,245.8,246.05,1124
2025-03-13 17:30:00,247.0,247.0,246.03,246.97,36
2025-03-13 18:00:00,246.03,247.0,246.03,247.0,169
2025-03-13 18:30:00,245.8,246.98,245.8,246.7,507108
2025-03-13 19:00:00,245.8,247.33,245.8,247.33,507184
2025-03-13 19:30:00,246.81,247.33,246.425,246.5,191
